{"cameraMode":{"drawMode":0,"name":"Shaded","section":"Shading Mode"},"sceneLighting":true,"audioPlay":false,"sceneViewState":{"m_AlwaysRefresh":false,"showFog":true,"showSkybox":true,"showFlares":true,"showImageEffects":true,"showParticleSystems":true,"showVisualEffectGraphs":true,"m_FxEnabled":true},"in2DMode":false,"pivot":{"x":4.555879592895508,"y":-5.6100263595581059,"z":6.891002178192139},"rotation":{"x":0.2393532693386078,"y":-0.11040797084569931,"z":0.027401363477110864,"w":0.9642511606216431},"size":13.491188049316407,"orthographic":false}